Country,Number Of Beats,Tempo,Hemitonicity,Melodic Range,Melisma,Max Phrase Length,Min Phrase Length,Avg Phrase Length,Phrase Symmetry,Phrase Overlap,Key,Mode,Mode Type,Tuning,Timbre,Timbre Mean



1,437,129.19921875,26.446216778808058,5673.50454547584,-0.6416340773275812,0.0036281179138321997,9.070294784580499e-05,0.0035374149659863946,40.0,19.252077562326868,11,0,3,0.08999999999999997,[[0. 0. 0. ... 0. 0. 0.]],2605.3704219659426
1,515,129.19921875,22.61114021358888,5673.50454547584,1.0211189495287074,0.004126984126984127,9.070294784580499e-05,0.004036281179138322,45.50000000000001,29.913180741910022,11,0,3,-0.010000000000000009,"[[   0.            0.            0.         ... 2077.74484227
  2071.10518573 3380.9547046 ]]",2359.8286934854145
1,1762,107.666015625,24.030728608819075,5673.50454547584,1.7414102887799,0.008662131519274377,9.070294784580499e-05,0.008571428571428572,95.5,7.413087934560328,6,0,3,0.050000000000000044,"[[   0.            0.            0.         ... 2216.88827378
  2854.30025213 4261.87464041]]",2402.7417296333533
1,540,161.4990234375,21.134573040785817,5442.330451944964,0.9524984505373186,0.004263038548752834,9.070294784580499e-05,0.004172335600907029,46.99999999999999,15.184049079754603,6,1,6,0.050000000000000044,[[0. 0. 0. ... 0. 0. 0.]],2411.465938584942
1,594,129.19921875,28.25907755280757,5673.50454547584,1.48852492055703,0.002766439909297052,9.070294784580499e-05,0.002675736961451247,30.499999999999996,13.048245614035087,2,0,3,0.010000000000000009,"[[   0.            0.            0.         ... 6147.96071797
  6199.20129945 5899.36398416]]",2511.507527137918
